{"cameraMode":{"drawMode":0,"name":"Shaded","section":"Shading Mode"},"sceneLighting":true,"audioPlay":false,"sceneViewState":{"m_AlwaysRefresh":false,"showFog":true,"showSkybox":true,"showFlares":true,"showImageEffects":true,"showParticleSystems":true,"showVisualEffectGraphs":true,"m_FxEnabled":true},"in2DMode":false,"pivot":{"x":12.479589462280274,"y":1.2999999523162842,"z":-7.982400894165039},"rotation":{"x":-0.10684084892272949,"y":0.49534904956817629,"z":-0.06151927635073662,"w":-0.8599240779876709},"size":8.092070579528809,"orthographic":true}