{"cameraMode":{"drawMode":0,"name":"Shaded","section":"Shading Mode"},"sceneLighting":false,"audioPlay":false,"sceneViewState":{"m_AlwaysRefresh":false,"showFog":true,"showSkybox":false,"showFlares":true,"showImageEffects":true,"showParticleSystems":true,"showVisualEffectGraphs":true,"m_FxEnabled":true},"in2DMode":false,"pivot":{"x":-3.521399974822998,"y":8.968968391418457,"z":-15.306680679321289},"rotation":{"x":0.28539007902145388,"y":-0.022998996078968049,"z":0.006850720848888159,"w":0.9581090807914734},"size":0.19497188925743104,"orthographic":true}